"Protein","Start_pos","End_pos","Length","Probability","Sequence"
"A0A044UVG8",845,882,38,0.864834012113617,"ERSVSQCKTSDSRNRSSSRRNSPEYDISQITEQESEKS"
"AAD00842.1",1,71,71,0.827193055770521,"NADEKNENYSLNIKKMDASKEIDSNNKFKNPIENEQEDCLSNDEELQKDSRGVIQTDEEGDKCESPKQEVN"
"A0A044V9S3",43,85,43,0.813578488372093,"DVEVQLWEEDTGDPDDLLNSTRSDEKGAFEVYGEDKEVTAIEP"
"A0A044SS43",15,90,76,0.804987207602339,"LIIVKNADEKNENYSLNIKKMDASKEIDSNNKFKNPIENEQEDCRSNDEELQKDSRGVIQTDEEGDKCESPKQEVN"
"AAF64251.1",120,149,30,0.803551265292442,"FVHHGLSGNAIESLFNEVDKNGDGYLTSIE"
"A0A2K6VRB1",299,349,51,0.801337344364593,"GPPGPPGNPGQDGRQGPQGDPGKDGLPGKPGIDGTTGPQGERGPSGSCDHC"
"AAF64251.1",376,394,19,0.801113826232247,"FDILQEIDSDGDGYINNSE"
"A0A044SAZ1",425,442,18,0.800898478835979,"AYQIEKDNPNFNANNDLI"
"A0A044SS43",875,901,27,0.795307025279247,"KWISSEEDSISELSDNYQSEESNSSGD"
"A0A044SAZ1",577,601,25,0.793817936507936,"IGAFSVDGAEEADQKNNNHEFDLIN"
"A0A044UVG8",829,841,13,0.792069902319902,"SKSRSESLVVSRQ"
"A0A044SS43",945,970,26,0.787999771062271,"PSLTVDNDGDEEEEEDEEEIEERLKN"
"A0A044SS43",743,766,24,0.781583416005291,"KRIPISMENNQENDGFDGQKAIKM"
"A0A044SS43",977,1087,111,0.780863243738244,"GRKIESSDEFEPDEEEEEVEDEEEEVEDEEEEENEETSTIDDEKQRQSDEEEGLEEKERKIVKVENDMKDMKEITFSSTKTSFIDDDKKQTEDIDDVCPSTSNDVKLTDET"
"AAF64251.1",516,542,27,0.778968841857731,"SQRPHDSSKSNAQDEEQSEKTEEVREQ"
"A0A044SS43",779,819,41,0.773888028976443,"RLNDLNVDEMTESDTDEYQASDSASVSDPSDDTDEYLPSDA"
"A0A044RF80",1485,1501,17,0.773842882607589,"ACPECWQTEEPNEISAG"
"A0A044SS43",636,659,24,0.771230902777778,"TVRDAKVENSESSEESGEDDGERK"
"A0A044SS43",423,485,63,0.770846977537454,"QQNKKQMEIENAKQLKILDRNDDQDDSEDNDENEKDENDADDFILAETSTSSDDDFMPLSELK"
"A0A044UVG8",1,141,141,0.769003804213911,"MQKNDGNEMICIEENITQKNPTDELEFITEEGYNIGANDNSEIAHEEPDFSEYGTLATKDCGEIAVDETCLHSGIREGENFGGEKFDVIEQDTKENQSSDGNSTGNVITELANQNASELSQNKVEEAVHDSSETAETRSIY"
"A0A044UVG8",1400,1458,59,0.768341337099812,"GLKQHIDDDGDIKQQQQKQLQNAMSNYNREQLESDASNNLILELQQRIGGSNENALALL"
"A0A044UVG8",1059,1094,36,0.767703648589065,"MVNYATSESEAEDNITVESKSSAEQLSENYNKGVSS"
"AAF64254.1",328,345,18,0.765743827160494,"ATRLGQSDFDDLENQPVV"
"A0A044UVG8",661,688,28,0.765049744897959,"VGNSYESNIENEILGKHDDKDEHILVSH"
"A0A044TU88",308,354,47,0.757287740628166,"NKLSLQKNERDKEKIEGVEKKGESKEEKKENKEAKDYKEGDKEKEKE"
"A0A044SS43",915,929,15,0.756082010582011,"RASSSDAEDSSHSVQ"
"A0A044QWA5",421,457,37,0.754042607167607,"NQSFELQEETTNDELIDFNSLRMIDNNADPIWTFQEV"
"AAF64251.1",239,294,56,0.752555874433107,"MKNADKNDDGHIDKKEAQKIAFEQEGISAGDVNEMIMSVDDNNDGELNAPEFADFE"
"A0A044UVG8",910,919,10,0.746300396825397,"RSEKSSVREF"
"A0A044SS43",503,525,23,0.746180037957212,"KDPFEMVESEEDEDSDDDQEKKA"
"A0A044UVG8",366,393,28,0.743771045918367,"TAEQKASNSSQSMAQSTASNDTYEQKAK"
"A0A044UVG8",586,650,65,0.743542973692974,"NNVVKTSGDIAENFESPKLTSNICKNLNEFQVDNQVFGKEVSAKLNDFSGSKDGKVQPELILTEE"
"A0A044V9S3",201,218,18,0.741247574955908,"RGNFKIYGEENEVNNIEP"
"A0A044UVG8",807,824,18,0.740917107583774,"STSRDRSPSADKSSRSRS"
"A0A044V9G2",157,175,19,0.739705361889572,"AQSTMTREFNENFERNIER"
"AAB50925.1",377,395,19,0.739705361889572,"AQSTMTREFNENFERNIER"
"A0A044SAZ1",268,292,25,0.73809753968254,"NEYIAQFPVIDASESNKDGVLHEKS"
"A0A044SS43",833,856,24,0.737462136243386,"NKRTQSDDDFVVSGSESEYEPSRK"
"A0A044UVG8",1132,1195,64,0.736295704078907,"EVLKVPSDNTNTSKLEKRETKITVDLEDDGISSKLKDLTSDFNEITAREAEKLKADNITEAMNK"
"A0A044UVG8",952,1004,53,0.734744684037137,"SSPFMAESEAEEKFKTSSILSEETDLNLNTSLSHLADEEAEIISNTKKQTNDY"
"A0A044SAZ1",36,52,17,0.733778594771242,"TIAEEEDDEPVPSSLYG"
"A0A044RF80",1293,1336,44,0.733524017649018,"IMITNGADKQNFEVTADNSMVLQSYQLSNLDEKLDLEAQGNGIV"
"AAB50925.1",54,82,29,0.73336260578502,"AEKQVQKLDFGSDMNLPEAVGDYKVKETQ"
"A0A044UVG8",524,550,27,0.732843942852113,"ASISTERDSNIVIRESLNGDTSKSLDS"
"A0A044TU88",75,101,27,0.731589225589226,"DRTLDIANSFAVPFDEDERDKKTWFLD"
"A0A044V9S3",171,198,28,0.729958049886621,"DRSQKDVEIQLWERDTLDPDDLLNTTKT"
"A0A044SAZ1",125,144,20,0.729462750444,"ANANDGIEYRGNAHNLNGVP"
"A0A2K6VRB1",91,139,49,0.728146312304475,"YPRQAGYDGYAEERGRGYGGSSGGYTAERGRGYGGDSGYGGGSGGGAAL"
"A0A044V9G2",53,82,30,0.72700433964184,"MLESRISNDTSVNSTIPQQDRSGYVTDASS"
"AAB50925.1",273,302,30,0.72700433964184,"MLESRISNDTSVNSTIPQQDRSGYVTDASS"
"AAF64251.1",446,464,19,0.726710213032582,"TDHFKEFDMNKDKIVTIDE"
"A0A044V9G2",286,303,18,0.726563021083854,"EAYGYNSYSDEGYRSNSL"
"AAB50925.1",208,234,27,0.726064226925338,"TIETLQKTTSGGPKNNSDLDQLARLNE"
"A0A044UVG8",479,512,34,0.725599089635854,"TINKSAKYAPLPQQPNDSPENAGKLESPKEFPSP"
"AAF64251.1",485,501,17,0.725482026143791,"KKVDVDNSGDLSPGELV"
"A0A044RF80",1099,1114,16,0.724477058531746,"FLNAQQQQENGAFAER"
"A0A2K6VRB1",147,289,143,0.723400047133678,"FGGGVTGAPSAPGGGCCGCGVSPPGPPGSPGPDGKDGPDGEQGPPGRDGQDAPQTPPTQPQIEWCFECPDAPAGPPGKPGPKGPKGKPGPPGQDADGGNRGPSGPPGPQGPKGPRGPAGPKGPPGPPGNVIEKAMPPGPPGPV"
"A0A044RF80",1458,1472,15,0.72290171957672,"VVLFDYYDPEQQVKT"
"A0A044RF80",1394,1430,37,0.722869101244101,"ALSGFRFDGDQLSGLMDISDLQRAELDKEDTRMNLYF"
"A0A044RF80",426,442,17,0.72091339869281,"TDSITQHEEKEVKIVDL"
"A0A044TDA1",130,150,21,0.720685999185999,"LKKNITVDLTDNDDINVWRDK"
"AAF64251.1",96,114,19,0.719653589100958,"PPVDKSVDLDGDGALSLAE"
"AAF64251.1",396,429,34,0.718832166199813,"VAMARRQDDMEPKETHNLFVMADQDKSGKLDKVE"
"Q9NJD8.1",4,13,10,0.718699801587302,"IENEPKLDFK"
"A0A044R521",202,242,41,0.715873995385294,"CTVDDGKGDTVEILNEEGCAVDKYLLNNLEYLSDLMAGQEA"
"A0A044V1C1",18,33,16,0.715750868055556,"LGWKQGDEEESWSKKA"
"A0A044V9G2",386,405,20,0.715619146825397,"FSNRDVYDSGSGVNNYDGDY"
"A0A044RF80",356,363,8,0.714750992063492,"DLTDIKRN"
"A0A044SAZ1",518,531,14,0.714674603174603,"TCRKQNGEFDEEAV"
"A0A044RF80",638,660,23,0.714083247066943,"DITKDLVEQDVEQYDTTGVARGF"
"Q9NJD8.1",249,269,21,0.712179232804233,"AGHDQCGGDTVEKDGQKYKLF"
"A0A044RF80",842,870,29,0.71162315270936,"NYMDSEQDVTVTLKDGDDIGYDFLQKDGT"
"A0A044RF80",457,478,22,0.711576569264069,"NCTDARIEAHYDRTGKDDFKDA"
"A0A044UEF6",94,103,10,0.710315873015873,"KQQQMLKEQE"
"A0A044QU24",377,393,17,0.709405695611578,"EAITEMDGTSAKDYHQD"
"A0A044V9S3",267,292,26,0.708430097680098,"ALKNVLVELYEDDTIDPDDLLNATKS"
"A0A044UVG8",552,572,21,0.708402225420083,"IMEKLKRNSSDDSEVKGQATI"
"A0A044QWA5",249,263,15,0.707968253968254,"AFENKSCDSTTNTGT"
"A0A044QU24",234,249,16,0.706595982142857,"ATIKILPDEDDRKTQM"
"A0A044RF80",28,40,13,0.706026862026862,"PHSTTNEPEKTYP"
"A0A044R521",128,168,41,0.704410819871186,"YMEADKTVSAELEVSEMTTAFQTQVVPMPVCRYEILEGGPT"
"A0A044UVG8",1025,1051,27,0.702633651328096,"DTEKSDVMKKASHETLEDGELITEKDV"
"A0A044RF80",1141,1168,28,0.702253169449598,"LLENGVTDEKAQHYLEQHLPEIKDDPYA"
"A0A044UEF6",112,143,32,0.701844668786075,"IMPLPDLDNIPDEELEEIANGMAEKLLQLESE"
"A0A044TDA1",65,94,30,0.701834523809524,"SDKYISIESTDDPQCFQIVDVQDVAEDTSL"
"A0A044UVG8",250,265,16,0.701644221230159,"HLPTFPVDENGQPVFP"
"A0A044V1C1",231,252,22,0.701531836219336,"KVSSPTVEIDGFTDPTSNSSKI"
"A0A044SS43",356,387,32,0.701361235119048,"RKKAAVEEESKKENSAPPTEIIEDIPDEVKPF"
"AAD00842.1",337,368,32,0.701361235119048,"RKKAAVEEESKKENSAPPTEIIEDIPDEVKPF"
"AAK16514.1",274,308,35,0.701269671201814,"EISVLGTEQKCKWQEENAYATDKGYAAIQRGDELG"
"A0A044RF80",300,317,18,0.701189704585538,"DGTIEKTEQGNVIERIVN"
"AAF64254.1",203,230,28,0.700135680787467,"LNLRYDRDEPLSAILQVDTGENEKIPFV"
"A0A044TDA1",162,177,16,0.699954861111111,"CELTIDKNEFQKTLKT"
"A0A044SS43",1090,1113,24,0.699827358405483,"KVKSKQIDQEIFYTESAKTEDVKK"
"AAK16514.1",178,192,15,0.699502777777778,"QKYTYDPNEKLPVSV"
"A0A044TU88",2,15,14,0.698895910636982,"APYKEDEGKVNSVT"
"A0A044TDA1",7,45,39,0.698688279313279,"LNRTVSYDTEMLNEVNNIPESKFAIVRNSNGDLGGIVSM"
"A0A044SAZ1",163,177,15,0.698136772486773,"WPSFQTSDNYVRLED"
"A0A044V9S3",122,136,15,0.695139845339845,"HIVRSDHDNDNFTRA"
"A0A044RF80",718,743,26,0.694543421855922,"PLGQPASGNFYDNIVVENDGSGLIMN"
"A0A044V9G2",6,14,9,0.694437830687831,"LDQLARLNE"
"A0A044SAZ1",256,266,11,0.694297258297258,"EHDTWLQMQDK"
"A0A044UVG8",1208,1236,29,0.694066912972085,"TVSNSATETEDIKQFNKANVYDSTFAGHS"
"AAK16514.1",54,68,15,0.692814285714286,"AVKKYGDGKESQKST"
"AAK16514.1",72,131,60,0.691984823373794,"SFLKKMEDNGELRAMEKLETEWNDYVMALGKHYDSNESNLRMAIFESNELMTEATNRKYE"
"A0A044UVG8",1099,1125,27,0.690038580246914,"AVNSKAAESSAKFKENSNDADIRSTVL"
"A0A044SS43",244,251,8,0.689661954365079,"EGLAYLYQ"
"AAD00842.1",225,232,8,0.689661954365079,"EGLAYLYQ"
"AAB50925.1",189,204,16,0.689201388888889,"PRATKPNDQTLKELAE"
"A0A044UVG8",340,355,16,0.688607638888889,"GMTPLTEEEYQYSLQW"
"Q9NJD8.1",302,311,10,0.688301984126984,"GDISKTVQDL"
"A0A044RF80",491,499,9,0.68711857278524,"SPSNNFLQL"
"A0A044V9G2",479,529,51,0.68703138092844,"DMARLENEFRDSLLMPLPNMSNNTGGNMYERDHRHEQIPGGYETYDREVKS"
"AAF64251.1",308,360,53,0.68602814926164,"ALKVVDRDGSGTVTMDEAKRIAFDHYGFDEKTLGPFFAQADENEDGQLDPVEF"
"A0A044UVG8",1350,1373,24,0.685545882936508,"VDEILLVDTSDSSETDDSEDYSPS"
"A0A044V1C1",181,196,16,0.684934828192641,"AVMMSKRDEEMSANII"
"Q9NJD8.1",340,357,18,0.68455787037037,"TQQTNEQYATFEISPSEL"
"A0A2K6VRB1",2,16,15,0.68445695970696,"RPQLDDDASNYKKRQ"
"A0A044R521",308,334,27,0.68422145159972,"NYDNTVDVSAGFSAIEISEQNPNLSAN"
"AAB50925.1",7,15,9,0.68265057319224,"TTVRQWSTP"
"A0A044SS43",693,715,23,0.681100257230692,"YKFGAYDELIQEAVKNIDESAAR"
"A0A044RF80",592,606,15,0.681078174603175,"NNVSLSADHTTAEPG"
"A0A044SS43",215,223,9,0.680913800705467,"FDFNIKFKE"
"AAD00842.1",196,204,9,0.680913800705467,"FDFNIKFKE"
"A0A044RF80",207,217,11,0.680284943591762,"NELELSVEPPL"
"A0A044QU24",142,173,32,0.678158544146825,"INSDRFQTSSQSGDYAQFYNLVAKNNGNVTGR"
"A0A044V9S3",105,114,10,0.678139285714286,"TDEYPVPKEF"
"A0A044RF80",375,388,14,0.677705073696145,"VKLDMEKQGETFKP"
"A0A044UEF6",5,21,17,0.677694752143282,"IEEWNLETEKTIKMEIY"
"A0A044RF80",128,143,16,0.67738529265873,"SNILFEAEEEVRFDGK"
"A0A044V9G2",210,219,10,0.676251280663781,"KDQMMYAEEP"
"AAB50925.1",430,439,10,0.676251280663781,"KDQMMYAEEP"
"A0A044UEF6",28,50,23,0.674206070499549,"TRYGGTQSDDDIKAKKAAEEKAR"
"A0A044SAZ1",550,566,17,0.673894841269841,"MPGYKVSDFENGRLVQT"
"A0A044SS43",301,319,19,0.673207184628237,"NLLKQHEDSSSAPAVAEIG"
"AAD00842.1",282,300,19,0.673207184628237,"NLLKQHEDSSSAPAVAEIG"
"A0A044SAZ1",386,393,8,0.671863343253968,"QLGQPLPS"
"A0A044RF80",173,197,25,0.671104731379731,"LKPYSETVSVMIRDPNQNIISQKND"
"AAD00842.1",238,272,35,0.670555380333952,"VIRIYSAEQDDHSGGSWNLVAKCKEELENLVTELK"
"AAB50925.1",21,45,25,0.670117417027417,"EGQPPRPEDHPTVIHGEAQKSVIQS"
"A0A044UVG8",1291,1304,14,0.667370323129252,"RKWEEDEEDELSRL"
"A0A044QWA5",153,169,17,0.666971988795518,"PDTFFQNERDGWYHMLD"
"A0A044UEF6",152,166,15,0.665622751322751,"RQKDFEINELTISVN"
"A0A044UVG8",229,237,9,0.665561287477954,"GEKAFPVDA"
"A0A044SAZ1",495,509,15,0.665529100529101,"LARTPSDDPAFPKQQ"
"A0A044TU88",159,218,60,0.664279813011063,"KDLGLPTEAYVEVQEVHDDGTPPIKTFEHVPSEIGAEEAEEVGVEHLLRDIKDQTAGTLS"
"Q9NJD8.1",205,240,36,0.662742401157971,"VLECADASHGLNGHVMSDGGCTNPGDVAKALGAGAD"
"AAF64251.1",47,94,48,0.66246957335732,"HAKQINSDKSAQSESILNQFVPTESPQVDLPVADISQGDPSGVAAIPQ"
"A0A044UVG8",177,191,15,0.661149867724868,"EMYSVDRDGYWYMQD"
"Q9NJD8.1",272,294,23,0.660811335403727,"MSSDTAMEKHEGSVAEYRASEGK"
"A0A044QU24",178,198,21,0.66072373393802,"MQAHCDIDYSNFPDDDKNCCF"
"A0A044SS43",257,291,35,0.660675278293136,"VIRIYSAEQDDHSGGSWNLVAKCKEELENLVAELK"
"A0A044UVG8",311,327,17,0.660260387488329,"VPVMPLDEQGKPVVPYD"
"AAF64254.1",387,404,18,0.658648037918871,"YKSGKFTENLDVVKDLNV"
"A0A044RF80",253,268,16,0.657870163690476,"PNFITINDDLSVHVEA"
"A0A044TU88",133,142,10,0.656008531746032,"QNDIVINEQL"
"A0A044QU24",216,224,9,0.656,"GEEGLDLTK"
"A0A044RFT9",270,277,8,0.655703125,"ECYPYVSG"
"A0A044V1C1",109,124,16,0.655490327380952,"DDCRYCYESGQKDVCI"
"AAK16514.1",29,44,16,0.654995535714286,"REVLGTFDQDYKRGNM"
"A0A044QU24",118,129,12,0.654638723544973,"KWDFNEWKTDTL"
"A0A044RFT9",317,329,13,0.654531227106227,"SSREKDIMSEILT"
"A0A044TDA1",217,225,9,0.653931476294221,"ANVLIAENE"
"AAF64254.1",263,275,13,0.653355463980464,"APINPRIDLTSDH"
"A0A044SS43",731,740,10,0.653137572150072,"GKDMANIINA"
"A0A044RFT9",281,289,9,0.652561507936508,"NPEICQIQK"
"A0A044RF80",947,971,25,0.650065346320346,"MIDLTQKNGSAEMKKQIDMQFPMDA"
"A0A044QWA5",382,410,29,0.650015667761357,"RLNNVIENDLLFSSGECVPTSPTSYLNSP"
"A0A044UVG8",400,440,41,0.649491289198606,"KVRPEDIDLPPCVPPPPSTQPPLQVSDGPTLSGEVEKKATL"
"A0A044SS43",334,348,15,0.648419576719577,"ALLDIYQDESAVKKK"
"AAD00842.1",315,329,15,0.648419576719577,"ALLDIYQDESAVKKK"
"AAF64251.1",165,197,33,0.646657631509904,"AQRYLQTVDKDHNGLLSLKEAQEYILKEYGIGN"
"A0A044V9G2",363,374,12,0.645827164733415,"NPNGDIREVHHS"
"A0A044SS43",1170,1184,15,0.644813492063492,"ATPVQQYDPSYRNIV"
"AAF64251.1",31,41,11,0.644353174603175,"TSVPLPQQQQL"
"A0A044RFT9",90,132,43,0.642163399072428,"HDGILYSEEDTITKNCNKCTCIENQWKCDDTPCLISEDLLAEI"
"A0A044TU88",271,287,17,0.641046218487395,"TSPQFVEAHNVQTNDQL"
"A0A044R521",59,81,23,0.64058566252588,"VKGLYDRDECRSDSGGRQVAGIE"
"A0A044R521",183,195,13,0.63909188034188,"HKWTCDSETTDIF"
"AAB50925.1",167,180,14,0.638213577097506,"KDYLKARENDANKP"
"A0A044QWA5",228,242,15,0.637462433862434,"DRTAVTIDKDAKNIL"
"AAF64251.1",206,217,12,0.637116236772487,"LVLPNLNEEMDA"
"A0A044V9G2",531,545,15,0.637064285714286,"SGRRINKDGNPTDFK"
"A0A044SS43",1132,1158,27,0.63635501175779,"SNVTSCVPPSCFPSTSADPSALNPSSV"
"A0A044RFT9",57,74,18,0.635501322751323,"DMFCDRGEHGNDCCPDFK"
"A0A044RFT9",197,214,18,0.635338955026455,"HPIQDQGDCASSWAQSTV"
"A0A044R521",262,289,28,0.631406282209854,"TIKEPFGECPRPQCPEPQGFGAIKSAAA"
"A0A044SAZ1",93,101,9,0.629458994708995,"ETYKQLANQ"
"A0A044QU24",50,66,17,0.629336802902979,"LYYKLSQDANKMQGKAN"
"A0A044RF80",1202,1218,17,0.629113562091503,"IHWSMKVGQEKPKDTQH"
"A0A044V9G2",458,469,12,0.627064852971103,"RSYADWDEGRGF"
"A0A044RF80",921,943,23,0.627010610766046,"AKAGDAVEQVLKVEPEGYRVDRN"
"A0A044V1C1",367,378,12,0.626443948412698,"GAEYQRQDVTST"
"A0A044RF80",231,242,12,0.626164847883598,"KFEKEFTVDKYV"
"A0A044QWA5",64,94,31,0.626059000139645,"MTVCELLDNYNPTVRPSGKMPNSDQKGPVIV"
"A0A044SAZ1",366,375,10,0.62579126984127,"NISTELTSEQ"
"A0A044RFT9",355,362,8,0.623037946428571,"PTTGETAE"
"A0A044RF80",574,582,9,0.621029974382916,"NQEILVDAT"
"A0A044RF80",1033,1043,11,0.620671536796537,"ENKAKKYMESG"
"A0A044QWA5",125,133,9,0.619962742504409,"DDRLRYTDH"
"A0A044QU24",26,38,13,0.617825549450549,"CKFASNVTDVEEL"
"A0A044RF80",608,623,16,0.617547958437761,"SVKYTIKADPESYCAL"
"A0A044RF80",1056,1068,13,0.615616758241758,"SFSAFGQGDKHGS"
"A0A044V1C1",167,175,9,0.615273308481642,"SSMPCNIDF"
"A0A044RFT9",166,181,16,0.614512648809524,"EQSVQNMNEIVVKPRE"
"Q9NJD8.1",87,114,28,0.614470218769326,"EFVNRISSNQDILSQIGISSGISDYDFT"
"A0A044RF80",767,783,17,0.613142857142857,"AAFTAEGTGEATFEAVV"
"A0A044SS43",1256,1275,20,0.611747718253968,"TATTTSSPTTDSETLGNVLA"
"A0A044V9G2",329,361,33,0.611508357383357,"RYHDDGRLITNGSLSNGRYGSSLSDSLRRGELR"
"A0A044RFT9",221,233,13,0.611500610500611,"LALITDGRQNVEL"
"A0A044UVG8",1250,1258,9,0.608238095238095,"VDVTERAEK"
"A0A044TDA1",115,124,10,0.607628571428571,"VDEAAERTLG"
"A0A044V9S3",315,341,27,0.606079952968842,"RITHNCEDGALSENCIITDDFPIPTNK"
"A0A044V1C1",222,229,8,0.605719246031746,"LNTRVGEQ"
"AAK16514.1",133,147,15,0.605709788359788,"GLISYTNGLNHLADL"
"A0A044SS43",1227,1244,18,0.605693113781929,"PSAGPVSQGWSPYPPSNS"
"A0A044V9G2",27,36,10,0.604511507936508,"YKLVDSEIVK"
"AAB50925.1",247,256,10,0.604511507936508,"YKLVDSEIVK"
"AAF64254.1",127,155,29,0.603447896452207,"IPLPECFEDHLSDCIMHGERYDPTLEKLP"
"AAB50925.1",442,453,12,0.60254546957672,"VARTDRWDEATS"
"A0A044RFT9",364,378,15,0.602109920634921,"YHSVRLLGWGEDYST"
"A0A044V9S3",297,311,15,0.601056613756614,"YFIIYGEECEVGGIE"
"AAF64254.1",92,106,15,0.596859259259259,"DGTVAFTDGIDQACA"
"A0A044RF80",1383,1392,10,0.595238241436926,"SRSNMAVAEV"
"A0A044SS43",576,583,8,0.594400049603175,"DWFCPNCQ"
"A0A044V9G2",100,112,13,0.59342963980464,"VNGGGAKDGLLKV"
"AAB50925.1",320,332,13,0.59342963980464,"VNGGGAKDGLLKV"
"A0A044R521",24,36,13,0.592961385836386,"IPIDNGVEGEPEI"
"A0A044RF80",402,409,8,0.590759672619047,"DDTPVKAT"
"A0A2K6VRB1",59,66,8,0.589985367063492,"QSEVDFCK"
"A0A044V9G2",42,50,9,0.589736331569665,"VPVIVKEQI"
"AAB50925.1",262,270,9,0.589736331569665,"VPVIVKEQI"
"AAF64254.1",277,287,11,0.588997835497836,"YNDSVVLPRAK"
"AAB50925.1",153,163,11,0.587567821067821,"ESLDRHRDMEA"
"A0A044QU24",76,85,10,0.586881547619048,"AAGETLDAEI"
"A0A044RF80",1353,1361,9,0.58680114638448,"LPFYCTKEV"
"A0A044SS43",602,615,14,0.583780328798186,"VKRKAAEDKKKEAA"
"A0A044RF80",97,104,8,0.583630456349206,"IPQTITID"
"A0A044R521",85,92,8,0.580930059523809,"DSCNVERS"
"A0A044RF80",1118,1133,16,0.580753021947415,"HHKAMQGGAAEGGVPL"
"A0A044V1C1",404,411,8,0.580411706349206,"PNPISSIS"
"A0A044V1C1",203,212,10,0.580085515873016,"TIEVPYEERK"
"A0A044V1C1",46,55,10,0.576828373015873,"KEALASLEMA"
"AAF64254.1",70,83,14,0.574971977427335,"PAHRIPQLDEHPLY"
"A0A044V1C1",395,402,8,0.573041170634921,"KVLSQMGP"
"AAK16514.1",242,249,8,0.568688244047619,"DCTWTLGN"
"A0A044RFT9",35,48,14,0.561299384147598,"TCCPSRDDQCTMPI"
"A0A044V9G2",1,4,4,0.558078869047619,"MINS"
"A0A044V9G2",134,144,11,0.557458202151384,"AHIESEKQHWP"
"AAB50925.1",354,364,11,0.557458202151384,"AHIESEKQHWP"
