"Protein","Start_pos","End_pos","Length","Probability","Sequence","pair_align_score","Info_peptide","Info_PepID"
"A0A044UVG8",845,882,38,0.864834012113617,"ERSVSQCKTSDSRNRSSSRRNSPEYDISQITEQESEKS",1.34210526315789,"VEKKVEAKVEAAENNVSSVARREKELYDQIADLTDKNGEYLERIGELEER","ACL51809.1:2"
"AAD00842.1",1,71,71,0.827193055770521,"NADEKNENYSLNIKKMDASKEIDSNNKFKNPIENEQEDCLSNDEELQKDSRGVIQTDEEGDKCESPKQEVN",1.47916666666667,"NISQHQCVKKQCPQNSGCFRHLDEREECKCLLNYKQEGDKCVENPNPT","Q25976:4"
"A0A044V9S3",43,85,43,0.813578488372093,"DVEVQLWEEDTGDPDDLLNSTRSDEKGAFEVYGEDKEVTAIEP",5.08333333333333,"EKGAFEVYGEDK","A0A044V9S3:6"
"A0A044SS43",15,90,76,0.804987207602339,"LIIVKNADEKNENYSLNIKKMDASKEIDSNNKFKNPIENEQEDCRSNDEELQKDSRGVIQTDEEGDKCESPKQEVN",1.5,"NISQHQCVKKQCPQNSGCFRHLDEREECKCLLNYKQEGDKCVENPNPT","Q25976:4"
"AAF64251.1",120,149,30,0.803551265292442,"FVHHGLSGNAIESLFNEVDKNGDGYLTSIE",5.07692307692308,"LFNEVDKNGDGYL","AAF64251.1:3"
"A0A2K6VRB1",299,349,51,0.801337344364593,"GPPGPPGNPGQDGRQGPQGDPGKDGLPGKPGIDGTTGPQGERGPSGSCDHC",4.84,"QGPQGDPGKDGLPGKPGIDGTTGPQ","A0A2K6VRB1:8"
"AAF64251.1",376,394,19,0.801113826232247,"FDILQEIDSDGDGYINNSE",3.57894736842105,"LQEIDSDGDGYINNSEAVAMA","AAF64251.1:13"
"A0A044SAZ1",425,442,18,0.800898478835979,"AYQIEKDNPNFNANNDLI",3.78571428571429,"QIEKDNPNFNANND","A0A044SAZ1:14"
"A0A044SS43",875,901,27,0.795307025279247,"KWISSEEDSISELSDNYQSEESNSSGD",1.74074074074074,"SIRVDTPHYPRWITKESKDILEKLFEREPTKRLGVTG","Q05655:22"
"A0A044SAZ1",577,601,25,0.793817936507936,"IGAFSVDGAEEADQKNNNHEFDLIN",1.68,"KQNKMLKKDKMFHFWVNTFFIPGPEETSEKVENGSLCDQEID","NP_000305.3:2"
"A0A044UVG8",829,841,13,0.792069902319902,"SKSRSESLVVSRQ",2.15384615384615,"KSRSDLMFEKQSERHGLARR","BAG61904.1:2"
"A0A044SS43",945,970,26,0.787999771062271,"PSLTVDNDGDEEEEEDEEEIEERLKN",1.96153846153846,"GPKHVEQNIQEDDNDEEDDDDIDFEGLSRKD","124802897:56"
"A0A044SS43",743,766,24,0.781583416005291,"KRIPISMENNQENDGFDGQKAIKM",4.26666666666667,"IPISMENNQENDGFD","A0A044SS43:18"
"A0A044SS43",977,1087,111,0.780863243738244,"GRKIESSDEFEPDEEEEEVEDEEEEVEDEEEEENEETSTIDDEKQRQSDEEEGLEEKERKIVKVENDMKDMKEITFSSTKTSFIDDDKKQTEDIDDVCPSTSNDVKLTDET",2.32352941176471,"DEQEQQEEQEQQEEQEQQEEQEQQEEQEQELEEQ","YP_001129431.1:6"
"AAF64251.1",516,542,27,0.778968841857731,"SQRPHDSSKSNAQDEEQSEKTEEVREQ",1.66666666666667,"EIEDKPEQEIKNKSLEEKQIDKNTDTSEKKGFNNSEKDEKA","AAN35552.1:4"
"A0A044SS43",779,819,41,0.773888028976443,"RLNDLNVDEMTESDTDEYQASDSASVSDPSDDTDEYLPSDA",1.51282051282051,"LTELQQVVQLQNYDEEDDSLVVLPIFGESEDNDEYLDQV","124507147:22"
"A0A044RF80",1485,1501,17,0.773842882607589,"ACPECWQTEEPNEISAG",5.30769230769231,"ECWQTEEPNEISA","A0A044RF80:15"
"A0A044SS43",636,659,24,0.771230902777778,"TVRDAKVENSESSEESGEDDGERK",1.79166666666667,"ESTPVEAPESKEEAKDTAEVAAEGSGSTEESKGKEDDKSGDKKE","AHK63226.1:2"
"A0A044SS43",423,485,63,0.770846977537454,"QQNKKQMEIENAKQLKILDRNDDQDDSEDNDENEKDENDADDFILAETSTSSDDDFMPLSELK",4.36842105263158,"KQMEIENAKQLKILDRNDD","A0A044SS43:10"
"A0A044UVG8",1,141,141,0.769003804213911,"MQKNDGNEMICIEENITQKNPTDELEFITEEGYNIGANDNSEIAHEEPDFSEYGTLATKDCGEIAVDETCLHSGIREGENFGGEKFDVIEQDTKENQSSDGNSTGNVITELANQNASELSQNKVEEAVHDSSETAETRSIY",4.66666666666667,"MQKNDGNEMICIEEN","A0A044UVG8:1"
"A0A044UVG8",1400,1458,59,0.768341337099812,"GLKQHIDDDGDIKQQQQKQLQNAMSNYNREQLESDASNNLILELQQRIGGSNENALALL",1.42,"NGDGNPIRHENKDLKARLENAMEVAGRDFKRAEELEKAKQALEDQRKDLE","AFV60911.1:1"
"A0A044UVG8",1059,1094,36,0.767703648589065,"MVNYATSESEAEDNITVESKSSAEQLSENYNKGVSS",1.65384615384615,"LLAQYKIGELNPEDKVAPTVETSDPY","AAA74886.1:4"
"AAF64254.1",328,345,18,0.765743827160494,"ATRLGQSDFDDLENQPVV",2.16666666666667,"LRLPMSVRRFEQLELRPVL","P0C0L4:22"
"A0A044UVG8",661,688,28,0.765049744897959,"VGNSYESNIENEILGKHDDKDEHILVSH",2,"EEAGASRTITSSENISKLYDENSKLIEERADLLGKLEEKEDKLESVERHY","WP_111695005.1:2"
"A0A044TU88",308,354,47,0.757287740628166,"NKLSLQKNERDKEKIEGVEKKGESKEEKKENKEAKDYKEGDKEKEKE",2.4,"QEKEKEEVKEKEEVKEKEEVKEKEEVKEKE","KNG77756.1:2"
"A0A044SS43",915,929,15,0.756082010582011,"RASSSDAEDSSHSVQ",1.86666666666667,"ADDVLSIIDNVRSGNNEGETSCEAIEERRQ","WP_148174342.1:2"
"A0A044QWA5",421,457,37,0.754042607167607,"NQSFELQEETTNDELIDFNSLRMIDNNADPIWTFQEV",4.95238095238095,"DELIDFNSLRMIDNNADPIWT","A0A044QWA5:6"
"AAF64251.1",239,294,56,0.752555874433107,"MKNADKNDDGHIDKKEAQKIAFEQEGISAGDVNEMIMSVDDNNDGELNAPEFADFE",1.6,"KKDQLGKNEEGAPQEGILEDMPVDPDNEAYEMPSEEGYQDYEPEA","NP_000336.1:2"
"A0A044UVG8",910,919,10,0.746300396825397,"RSEKSSVREF",2.8,"HIPRQKVALRQFKLPKFKISLGI","P93692.1:6"
"A0A044SS43",503,525,23,0.746180037957212,"KDPFEMVESEEDEDSDDDQEKKA",1.78260869565217,"NEEETESEISEDEEEEEEEEEKE","124802901:10"
"A0A044UVG8",366,393,28,0.743771045918367,"TAEQKASNSSQSMAQSTASNDTYEQKAK",1.56521739130435,"VEEKQNSQESVEEIPVNEDEFED","124802897:40"
"A0A044UVG8",586,650,65,0.743542973692974,"NNVVKTSGDIAENFESPKLTSNICKNLNEFQVDNQVFGKEVSAKLNDFSGSKDGKVQPELILTEE",1.42,"YDAQNGKCLICQRELNPDVQANHLDHDHELNGPKAGKVRGLLCNLCNAAE","P13340.1:2"
"A0A044V9S3",201,218,18,0.741247574955908,"RGNFKIYGEENEVNNIEP",3.33333333333333,"VYGEDKEVTAIEPYL","A0A044V9S0:2"
"A0A044UVG8",807,824,18,0.740917107583774,"STSRDRSPSADKSSRSRS",2,"FLVAHTRARAPSAGERARRS","AAH56627.1:2"
"A0A044V9G2",157,175,19,0.739705361889572,"AQSTMTREFNENFERNIER",2.31578947368421,"VNSIIDKMNTQFEAVGREFNNLERRIENLNK","ABW90125.1:9"
"AAB50925.1",377,395,19,0.739705361889572,"AQSTMTREFNENFERNIER",2.31578947368421,"VNSIIDKMNTQFEAVGREFNNLERRIENLNK","ABW90125.1:9"
"A0A044SAZ1",268,292,25,0.73809753968254,"NEYIAQFPVIDASESNKDGVLHEKS",4,"IDASESNKDGVLHEK","A0A044SAZ1:12"
"A0A044SS43",833,856,24,0.737462136243386,"NKRTQSDDDFVVSGSESEYEPSRK",4.25,"RTQSDDDFVVSG","A0A044SS43:20"
"A0A044UVG8",1132,1195,64,0.736295704078907,"EVLKVPSDNTNTSKLEKRETKITVDLEDDGISSKLKDLTSDFNEITAREAEKLKADNITEAMNK",1.46,"EGVSVGSDASLHNRITDLEEEREKLLNKLDKVEEEHKKDHEQLEKKSEDV","WP_111674382.1:2"
"A0A044UVG8",952,1004,53,0.734744684037137,"SSPFMAESEAEEKFKTSSILSEETDLNLNTSLSHLADEEAEIISNTKKQTNDY",1.16,"EEAGASRTITSSENISKLYDENSKLIEERADLLGKLEEKEDKLESVERHY","WP_111695005.1:2"
"A0A044SAZ1",36,52,17,0.733778594771242,"TIAEEEDDEPVPSSLYG",2.41176470588235,"DQVQLQHSYDSVANFVGEDEDSIPSKMYLDETPEYFVNVEA","NP_800824.1:4"
"A0A044RF80",1293,1336,44,0.733524017649018,"IMITNGADKQNFEVTADNSMVLQSYQLSNLDEKLDLEAQGNGIV",1.25,"DSDNSNSNRSAVSVKNNEEKLHNKIADLLDQNEEYLNKIDELKEELEAKE","AAY30316.1:2"
"AAB50925.1",54,82,29,0.73336260578502,"AEKQVQKLDFGSDMNLPEAVGDYKVKETQ",1.6551724137931,"GDINKVLEKLGYSGGDLLGILESRGIKARITHVDTESY","AAL29688.1:2"
"A0A044UVG8",524,550,27,0.732843942852113,"ASISTERDSNIVIRESLNGDTSKSLDS",1.55555555555556,"TKEAFATPVTGGVDGIPHIAFTDYEGASVVLRNPDGETNKKGLA","AAA24034.1:2"
"A0A044TU88",75,101,27,0.731589225589226,"DRTLDIANSFAVPFDEDERDKKTWFLD",4.09523809523809,"KSDRTLDIANSFAVPFDEDER","A0A044TU88:2"
"A0A044V9S3",171,198,28,0.729958049886621,"DRSQKDVEIQLWERDTLDPDDLLNTTKT",5.46666666666667,"KDVEIQLWERDTLDP","A0A044V9S3:10"
"A0A044SAZ1",125,144,20,0.729462750444,"ANANDGIEYRGNAHNLNGVP",2.1,"DVDTKASCYDGRGLSYRGLARTTLSGAPCQPWASEATYRNVTAEQARNW","P00748:6"
"A0A2K6VRB1",91,139,49,0.728146312304475,"YPRQAGYDGYAEERGRGYGGSSGGYTAERGRGYGGDSGYGGGSGGGAAL",1.77272727272727,"PGGNRYPPQGGGGWGQPHGGGWGQPHGGGWGQPHGGGWGQPHGG","AAU02119.1:2"
"A0A044V9G2",53,82,30,0.72700433964184,"MLESRISNDTSVNSTIPQQDRSGYVTDASS",1.7,"KNCHWPKSHTLWSNGVLESEMIIPKNLAGPVSQHNYRPGYHTQITG","AAA42943.1:6"
"AAB50925.1",273,302,30,0.72700433964184,"MLESRISNDTSVNSTIPQQDRSGYVTDASS",1.7,"KNCHWPKSHTLWSNGVLESEMIIPKNLAGPVSQHNYRPGYHTQITG","AAA42943.1:6"
"AAF64251.1",446,464,19,0.726710213032582,"TDHFKEFDMNKDKIVTIDE",2.47368421052632,"NEIKELNNTLNKYKEEMNNYKEEIIVINEKYKLLEIELCK","XP_001351128.1:2"
"A0A044V9G2",286,303,18,0.726563021083854,"EAYGYNSYSDEGYRSNSL",4.92307692307692,"GYNSYSDEGYRSN","A0A044V9G2:5"
"AAB50925.1",208,234,27,0.726064226925338,"TIETLQKTTSGGPKNNSDLDQLARLNE",1.59259259259259,"KIDELIKKQKSGGNVSSSELAKASIELINQLVDT","AAA23975.1:2"
"A0A044UVG8",479,512,34,0.725599089635854,"TINKSAKYAPLPQQPNDSPENAGKLESPKEFPSP",1.73529411764706,"EIPRPRPRPQHPEREPQQPGEKEEDEDEQPRPIPFPRPQPRQEEEHEQ","BAK39718.1:2"
"AAF64251.1",485,501,17,0.725482026143791,"KKVDVDNSGDLSPGELV",2,"TLESAPDPLSPGEQLLYNKVSEIEKMEKEDR","BAA05620.1:2"
"A0A044RF80",1099,1114,16,0.724477058531746,"FLNAQQQQENGAFAER",2.375,"RRFYLAGNQEQEFLKYQQQQQGGSQSQKG","P04405.2:11"
"A0A2K6VRB1",147,289,143,0.723400047133678,"FGGGVTGAPSAPGGGCCGCGVSPPGPPGSPGPDGKDGPDGEQGPPGRDGQDAPQTPPTQPQIEWCFECPDAPAGPPGKPGPKGPKGKPGPPGQDADGGNRGPSGPPGPQGPKGPRGPAGPKGPPGPPGNVIEKAMPPGPPGPV",3.15,"ERGAAGEPGPHGPPGVPGSVGPKGSSGSPGPQGPPGPVGL","NP_000485.3:12"
"A0A044RF80",1458,1472,15,0.72290171957672,"VVLFDYYDPEQQVKT",4.25,"ATLYDYYNPERR","P0C0L4:48"
"A0A044RF80",1394,1430,37,0.722869101244101,"ALSGFRFDGDQLSGLMDISDLQRAELDKEDTRMNLYF",1.67567567567568,"LLKENTSLLKLGYHFELAGPRMTVTNLLSRNMDKQRQKR","CAA38101.1:6"
"A0A044RF80",426,442,17,0.72091339869281,"TDSITQHEEKEVKIVDL",2.11764705882353,"DSDNNRSASVKKNNEEELHNKIADLLDQNEEYLNKIDELKEGLEAKEKSS","AAA99570.1:2"
"A0A044TDA1",130,150,21,0.720685999185999,"LKKNITVDLTDNDDINVWRDK",2.19047619047619,"VEVPGSQHIDSQKKAIERMKDTLRIAYLTEAKVEKLCVWNNKTPHAIA","AAB34632.1:4"
"AAF64251.1",96,114,19,0.719653589100958,"PPVDKSVDLDGDGALSLAE",1.94736842105263,"NPTAEDWEVDLVDTGALTMTGGRLLRLKDQLSKETFMVTY","EKR17272.1:2"
"AAF64251.1",396,429,34,0.718832166199813,"VAMARRQDDMEPKETHNLFVMADQDKSGKLDKVE",1.52941176470588,"NSKNPVPVKKEAKLSEAELHDKIKNLEEEKAELFEKLDKVEEEHKKVEEE","WP_115243396.1:2"
"Q9NJD8.1",4,13,10,0.718699801587302,"IENEPKLDFK",3.3,"YKAKYPIVGYTARRILNEDGSPNLDFKP","BAD96855.1:2"
"A0A044R521",202,242,41,0.715873995385294,"CTVDDGKGDTVEILNEEGCAVDKYLLNNLEYLSDLMAGQEA",1.74285714285714,"LCNLDGVKPLILRDCSVAGWLLGNPMCDEFINVPE","AEH42694.1:2"
"A0A044V1C1",18,33,16,0.715750868055556,"LGWKQGDEEESWSKKA",3.3125,"EDLALPWKHKDNQDWN","ADK37753.1:2"
"A0A044V9G2",386,405,20,0.715619146825397,"FSNRDVYDSGSGVNNYDGDY",4.8,"SFSNRDVYDSGSGVNNYDGDY","A0A044V9G2:9"
"A0A044RF80",356,363,8,0.714750992063492,"DLTDIKRN",3.25,"KDLTEIKTKLLSFQTAVSSLA","AGI61106.1:3"
"A0A044SAZ1",518,531,14,0.714674603174603,"TCRKQNGEFDEEAV",2.71428571428571,"GMTALLKVSSCDKNTGDYYEDSYEDISAYLLSKNNAIEPRSFSQNSRHPS","NP_000123.1:4"
"A0A044RF80",638,660,23,0.714083247066943,"DITKDLVEQDVEQYDTTGVARGF",1.95652173913043,"EDEGEITKSLRRPETSYRQTGLAPGQEYE","P24821:34"
"Q9NJD8.1",249,269,21,0.712179232804233,"AGHDQCGGDTVEKDGQKYKLF",2.14285714285714,"DSGCVVNWKGRELKCGSGIFVTNEVHTWTEQYKFQADSPK","AAK62993.1:2"
"A0A044RF80",842,870,29,0.71162315270936,"NYMDSEQDVTVTLKDGDDIGYDFLQKDGT",5.2,"VTLKDGDDIGYDFLQ","A0A044RF80:3"
"A0A044RF80",457,478,22,0.711576569264069,"NCTDARIEAHYDRTGKDDFKDA",1.95454545454545,"DLCKHNNGDCGDDKLCEYVGNRRVKCKCKEGYKLEGIECVELLSL","AAD10387.1:4"
"A0A044UEF6",94,103,10,0.710315873015873,"KQQQMLKEQE",3.1,"GVTKAAEKQMKDKQDEEQRLKEEEEDKKRKEEEEAEDKED","P27797.1:22"
"A0A044QU24",377,393,17,0.709405695611578,"EAITEMDGTSAKDYHQD",2.11764705882353,"KTAFDEAIAELDTLSEESYKDSTLIMQLLRD","NP_035870.1:4"
"A0A044V9S3",267,292,26,0.708430097680098,"ALKNVLVELYEDDTIDPDDLLNATKS",2.09090909090909,"SGPLKGILEYTEDEVVSSDFVG","P20287.1:12"
"A0A044UVG8",552,572,21,0.708402225420083,"IMEKLKRNSSDDSEVKGQATI",1.9,"GDAPFLDRLRRDQKSLRGRG","ABR31790.1:2"
"A0A044QWA5",249,263,15,0.707968253968254,"AFENKSCDSTTNTGT",2.2,"FGFEGKNCELDVTCNIKNGRCEQFCKNSADNKVVCSCTEG","AAB59620.1:9"
"A0A044QU24",234,249,16,0.706595982142857,"ATIKILPDEDDRKTQM",2.0625,"ILPEDKNEKVEHEIVEVEEILPEDKNEKGQ","NP_700817.1:4"
"A0A044RF80",28,40,13,0.706026862026862,"PHSTTNEPEKTYP",2.46153846153846,"EDSYGRDPYSPSQDPYSPSQDPDRRDPYSPSPYDRRGAG","AAN77576.1:7"
"A0A044R521",128,168,41,0.704410819871186,"YMEADKTVSAELEVSEMTTAFQTQVVPMPVCRYEILEGGPT",1.29268292682927,"AENIRYGRENVTMDEIEKAVKEANAYDFIMKLPHKFDTLVGERGA","AAA37004.1:4"
"A0A044UVG8",1025,1051,27,0.702633651328096,"DTEKSDVMKKASHETLEDGELITEKDV",1.74074074074074,"DSDNNRSASVKKNNEEELHNKIADLLDQNEEYLNKIDELKEGLEAKEKSS","AAA99570.1:2"
"A0A044RF80",1141,1168,28,0.702253169449598,"LLENGVTDEKAQHYLEQHLPEIKDDPYA",1.89285714285714,"RKRGVKQLPEQFDSLNLSAGTQHISNDFTPEDHSLLATLDDPYVEDSVA","Q5MQC6:2"
"A0A044UEF6",112,143,32,0.701844668786075,"IMPLPDLDNIPDEELEEIANGMAEKLLQLESE",1.65625,"SMRNLKASLENSLREVEARYALQMEQLNGILLHLESELAQTRAEG","P05783.2:2"
"A0A044TDA1",65,94,30,0.701834523809524,"SDKYISIESTDDPQCFQIVDVQDVAEDTSL",1.73333333333333,"YYTVSVDAVKNPGDVFQDTVTVEDLKQRGISAERPLVYISSVAYGRQVYL","P11990:3"
"A0A044UVG8",250,265,16,0.701644221230159,"HLPTFPVDENGQPVFP",2.5,"QLQPFPQPQPFPPQLPYPQP","ABQ52123.1:5"
"A0A044V1C1",231,252,22,0.701531836219336,"KVSSPTVEIDGFTDPTSNSSKI",1.77272727272727,"DPNAKPAEKIESPTSKVYYSAYDPVKNPGKKTLADINSIG","EPL00129.1:2"
"A0A044SS43",356,387,32,0.701361235119048,"RKKAAVEEESKKENSAPPTEIIEDIPDEVKPF",1.71875,"KKDQLGKNEEGAPQEGILEDMPVDPDNEAYEMPSEEGYQDYEPEA","NP_000336.1:2"
"AAD00842.1",337,368,32,0.701361235119048,"RKKAAVEEESKKENSAPPTEIIEDIPDEVKPF",1.71875,"KKDQLGKNEEGAPQEGILEDMPVDPDNEAYEMPSEEGYQDYEPEA","NP_000336.1:2"
"AAK16514.1",274,308,35,0.701269671201814,"EISVLGTEQKCKWQEENAYATDKGYAAIQRGDELG",5,"PYVGTEQKCKWQ","A0A158N8I3:2"
"A0A044RF80",300,317,18,0.701189704585538,"DGTIEKTEQGNVIERIVN",2.11111111111111,"ENKLNKEGKLIEHIINDDDD","1371546755:6"
"AAF64254.1",203,230,28,0.700135680787467,"LNLRYDRDEPLSAILQVDTGENEKIPFV",1.78571428571429,"LTELQQVVQLQNYDEEDDSLVVLPIFGESEDNDEYLDQV","124507147:22"
"A0A044TDA1",162,177,16,0.699954861111111,"CELTIDKNEFQKTLKT",2.5,"CVEKSVTRFFSLGLTVADVASLCEMEIQNHTAYCDKVRTP","AAA96965.1:14"
"A0A044SS43",1090,1113,24,0.699827358405483,"KVKSKQIDQEIFYTESAKTEDVKK",1.875,"NLIRHVGGGTPRRPGKEIEAYIFEMFNENQKAGGIEQNFGLFYPNKQP","AAB82772.2:15"
"AAK16514.1",178,192,15,0.699502777777778,"QKYTYDPNEKLPVSV",2.8,"FKLAQAYYESTRKENLPIS","P20930:4"
"A0A044TU88",2,15,14,0.698895910636982,"APYKEDEGKVNSVT",2.21428571428571,"HYLNNDGKMASVKCPPKYGLTEDCNFCRQMTGASLKKGSYPL","P03518.2:2"
"A0A044TDA1",7,45,39,0.698688279313279,"LNRTVSYDTEMLNEVNNIPESKFAIVRNSNGDLGGIVSM",4.42857142857143,"YDTEMLNEVNNIPE","A0A044TDA1:2"
"A0A044SAZ1",163,177,15,0.698136772486773,"WPSFQTSDNYVRLED",3.26666666666667,"YQKPVEWPSFQTSDN","A0A044SAZ1:2"
"A0A044V9S3",122,136,15,0.695139845339845,"HIVRSDHDNDNFTRA",2.33333333333333,"LRPCEQHLMQKIQRDEDSYERDPYSPSQDPYSPSPYDRRGA","Q941R0:7"
"A0A044RF80",718,743,26,0.694543421855922,"PLGQPASGNFYDNIVVENDGSGLIMN",2.15,"YYSSFVNMERDLASGLIGPL","AAA52420.1:16"
"A0A044V9G2",6,14,9,0.694437830687831,"LDQLARLNE",3.33333333333333,"YLEQLLRLKKYKVPQLEIVPNSAEERLHSMKEGIHAQQKEPMIG","30794348:7"
"A0A044SAZ1",256,266,11,0.694297258297258,"EHDTWLQMQDK",5.44444444444444,"TWLQMQDKI","A0A044SAZ1:8"
"A0A044UVG8",1208,1236,29,0.694066912972085,"TVSNSATETEDIKQFNKANVYDSTFAGHS",2.04545454545455,"MMDPNSTSEDVKFTPDPYQVPF","AAA66529.1:1"
"AAK16514.1",54,68,15,0.692814285714286,"AVKKYGDGKESQKST",2.6,"ASQSKAEKDYDAAVKKYEAAKKEYEDGKAAQKKYE","AAL92492.1:2"
"AAK16514.1",72,131,60,0.691984823373794,"SFLKKMEDNGELRAMEKLETEWNDYVMALGKHYDSNESNLRMAIFESNELMTEATNRKYE",5.57142857142857,"ETEWNDYVMALGKH","AAK16514.1:4"
"A0A044UVG8",1099,1125,27,0.690038580246914,"AVNSKAAESSAKFKENSNDADIRSTVL",1.44444444444444,"DNKDSVSVKNEAKPKLKEAELHDKIADLEEEKAELLNKLDKVEEEHKKDH","AFV60867.1:1"
"A0A044SS43",244,251,8,0.689661954365079,"EGLAYLYQ",4.625,"VERLLATSDGLYLYN","CAA35333.1:2"
"AAD00842.1",225,232,8,0.689661954365079,"EGLAYLYQ",4.625,"VERLLATSDGLYLYN","CAA35333.1:2"
"AAB50925.1",189,204,16,0.689201388888889,"PRATKPNDQTLKELAE",2.4,"QPRKTKPVKSLPERK","NP_740596.1:6"
"A0A044UVG8",340,355,16,0.688607638888889,"GMTPLTEEEYQYSLQW",5.93333333333333,"MTPLTEEEYQYSLQW","A0A044UVG8:18"
"Q9NJD8.1",302,311,10,0.688301984126984,"GDISKTVQDL",3,"GDINKVLEKLGYSGGDLLGILESRGIKARITHVDTESY","AAL29688.1:2"
"A0A044RF80",491,499,9,0.68711857278524,"SPSNNFLQL",3.22222222222222,"HAPTPSFLGLLAVVF","AAB66340.1:2"
"A0A044V9G2",479,529,51,0.68703138092844,"DMARLENEFRDSLLMPLPNMSNNTGGNMYERDHRHEQIPGGYETYDREVKS",1.44444444444444,"KKDQLGKNEEGAPQEGILEDMPVDPDNEAYEMPSEEGYQDYEPEA","NP_000336.1:2"
"AAF64251.1",308,360,53,0.68602814926164,"ALKVVDRDGSGTVTMDEAKRIAFDHYGFDEKTLGPFFAQADENEDGQLDPVEF",1.71794871794872,"LTELQQVVQLQNYDEEDDSLVVLPIFGESEDNDEYLDQV","124507147:22"
"A0A044UVG8",1350,1373,24,0.685545882936508,"VDEILLVDTSDSSETDDSEDYSPS",1.75,"IVEVEEILPEIVEIEEVPSQTNNNENIETIK","124802897:50"
"A0A044V1C1",181,196,16,0.684934828192641,"AVMMSKRDEEMSANII",1.9375,"MKKNDQIAAAIVLRGMAKDG","AAL13334.1:2"
"Q9NJD8.1",340,357,18,0.68455787037037,"TQQTNEQYATFEISPSEL",1.94444444444444,"NQFLTSDDFQSPSAMPQFDVTPEMDIPGQVNNLMEIAEVD","AAB94756.1:12"
"A0A2K6VRB1",2,16,15,0.68445695970696,"RPQLDDDASNYKKRQ",2.46666666666667,"RKWLEEQLKQYRVKRQQERSSQ","BAB71953.1:2"
"A0A044R521",308,334,27,0.68422145159972,"NYDNTVDVSAGFSAIEISEQNPNLSAN",1.55555555555556,"EAKVDTTAGRFTPKLGSLEISTESSDFDQNQPTRFTPVGIG","BAA89028.1:6"
"AAB50925.1",7,15,9,0.68265057319224,"TTVRQWSTP",5.33333333333333,"ETTVRQWSTPIEKVIEGQPPR","AAB50925.1:2"
"A0A044SS43",693,715,23,0.681100257230692,"YKFGAYDELIQEAVKNIDESAAR",2.28571428571429,"YEKIGAELVKEVAKKTDDVAG","P0A520.2:2"
"A0A044RF80",592,606,15,0.681078174603175,"NNVSLSADHTTAEPG",1.93333333333333,"AGLGNSSGLTDGLSAPRASISPTDKVDLKSAQETDETGVDKYIRGLKYD","AHN85641.1:2"
"A0A044SS43",215,223,9,0.680913800705467,"FDFNIKFKE",3.88888888888889,"LEAKICHQIEYYFGDFNLPRDKFLKEQIKLDE","P32067.1:2"
"AAD00842.1",196,204,9,0.680913800705467,"FDFNIKFKE",3.88888888888889,"LEAKICHQIEYYFGDFNLPRDKFLKEQIKLDE","P32067.1:2"
"A0A044RF80",207,217,11,0.680284943591762,"NELELSVEPPL",3.09090909090909,"REVELPTEPSLVYEAV","AAD39005.1:4"
"A0A044QU24",142,173,32,0.678158544146825,"INSDRFQTSSQSGDYAQFYNLVAKNNGNVTGR",1.59375,"KLLCGLLAERLRISPDRVYINYYDMNAANVGWNNSTFA","P14174.4:4"
"A0A044V9S3",105,114,10,0.678139285714286,"TDEYPVPKEF",3.77777777777778,"PVPKEFIGK","A0A044V9S3:8"
"A0A044RF80",375,388,14,0.677705073696145,"VKLDMEKQGETFKP",2.42857142857143,"NKITAQGQYELRVDLRDHGETAF","P24821:68"
"A0A044UEF6",5,21,17,0.677694752143282,"IEEWNLETEKTIKMEIY",2.64705882352941,"ENITQWNLSDNGTNGIQHAMY","CAA61161.1:2"
"A0A044RF80",128,143,16,0.67738529265873,"SNILFEAEEEVRFDGK",2.5625,"YINNMQDDAMDDIVYDEEEIKSFLDK","CZT98473.1:6"
"A0A044V9G2",210,219,10,0.676251280663781,"KDQMMYAEEP",3,"RDEKTQMIYQQHQSW","BAA00881.1:2"
"AAB50925.1",430,439,10,0.676251280663781,"KDQMMYAEEP",3,"RDEKTQMIYQQHQSW","BAA00881.1:2"
"A0A044UEF6",28,50,23,0.674206070499549,"TRYGGTQSDDDIKAKKAAEEKAR",1.8695652173913,"VEEVRVYDGTEGLPGDPDMVRYIDKFGQDKTRPPFPARLY","AHF96180.1:2"
"A0A044SAZ1",550,566,17,0.673894841269841,"MPGYKVSDFENGRLVQT",2.35294117647059,"RSNHNRRPGYKTQSQGPWDEGRVEID","AAP78941.1:10"
"A0A044SS43",301,319,19,0.673207184628237,"NLLKQHEDSSSAPAVAEIG",1.84210526315789,"SILKIHAREIFDSRGNPTVEVDLF","P06733:2"
"AAD00842.1",282,300,19,0.673207184628237,"NLLKQHEDSSSAPAVAEIG",1.84210526315789,"SILKIHAREIFDSRGNPTVEVDLF","P06733:2"
"A0A044SAZ1",386,393,8,0.671863343253968,"QLGQPLPS",3.25,"QLSLGDPLFPELAEESLKTFERVTEDCNENPEKDVLAEL","P03169.1:2"
"A0A044RF80",173,197,25,0.671104731379731,"LKPYSETVSVMIRDPNQNIISQKND",1.8,"PAGAYLKAPVFETVIKMIRIQGSYVGNRKDSSEAIEFFRRG","ABC88428.1:15"
"AAD00842.1",238,272,35,0.670555380333952,"VIRIYSAEQDDHSGGSWNLVAKCKEELENLVTELK",1.72727272727273,"DIVKSAHIYAGQGYTEHQAQEEWNMILHVLFEE","AAA65322.1:2"
"AAB50925.1",21,45,25,0.670117417027417,"EGQPPRPEDHPTVIHGEAQKSVIQS",1.84,"ISGKPGPPPMGFHSPLIKHPEVKSAIEGIKYIAETMKSD","P02708.2:17"
"A0A044UVG8",1291,1304,14,0.667370323129252,"RKWEEDEEDELSRL",3.90909090909091,"SPKWQEQEDED","223649560:12"
"A0A044QWA5",153,169,17,0.666971988795518,"PDTFFQNERDGWYHMLD",6.375,"FQNERDGW","A0A044QWA5:2"
"A0A044UEF6",152,166,15,0.665622751322751,"RQKDFEINELTISVN",2.2,"YLEQLLRLKKYKVPQLEIVPNSAEERLHSMKEGIHAQQKEPMIG","30794348:7"
"A0A044UVG8",229,237,9,0.665561287477954,"GEKAFPVDA",3.11111111111111,"LVGPRGERGFP","NP_001835.3:12"
"A0A044SAZ1",495,509,15,0.665529100529101,"LARTPSDDPAFPKQQ",2.4,"EVLTRRQSQDPKYVTQRIS","AAA99590.1:2"
"A0A044TU88",159,218,60,0.664279813011063,"KDLGLPTEAYVEVQEVHDDGTPPIKTFEHVPSEIGAEEAEEVGVEHLLRDIKDQTAGTLS",1.64102564102564,"QLSLGDPLFPELAEESLKTFERVTEDCNENPEKDVLAEL","P03169.1:2"
"Q9NJD8.1",205,240,36,0.662742401157971,"VLECADASHGLNGHVMSDGGCTNPGDVAKALGAGAD",1.47222222222222,"CQYVLVQDYCGSNPGTFRILVGNKGCSHPSVKCKKRVTILVEGGEIE","AAB59458.1:4"
"AAF64251.1",47,94,48,0.66246957335732,"HAKQINSDKSAQSESILNQFVPTESPQVDLPVADISQGDPSGVAAIPQ",1.55882352941176,"EELDKYFKNHTSPDVDLGDISGINASVVNIQKEI","YP_009724390.1:35"
"A0A044UVG8",177,191,15,0.661149867724868,"EMYSVDRDGYWYMQD",5.06666666666667,"SVDRDGYWYMQDNSG","A0A044UVG8:13"
"Q9NJD8.1",272,294,23,0.660811335403727,"MSSDTAMEKHEGSVAEYRASEGK",1.78260869565217,"LTLPKVEAMNKRLGSLVDEFKELVYPPDYNPEGKVT","P12956.2:2"
"A0A044QU24",178,198,21,0.66072373393802,"MQAHCDIDYSNFPDDDKNCCF",6,"HCDIDYSNF","A0A044QU24:8"
"A0A044SS43",257,291,35,0.660675278293136,"VIRIYSAEQDDHSGGSWNLVAKCKEELENLVAELK",1.72727272727273,"DIVKSAHIYAGQGYTEHQAQEEWNMILHVLFEE","AAA65322.1:2"
"A0A044UVG8",311,327,17,0.660260387488329,"VPVMPLDEQGKPVVPYD",2.41176470588235,"HAAVTNHKKWQYNSPLVPRNAELGDRQGKIHIPF","ADQ37313.1:4"
"AAF64254.1",387,404,18,0.658648037918871,"YKSGKFTENLDVVKDLNV",4.13333333333333,"KFTENLDVVKDLNVD","AAF64254.1:20"
"A0A044RF80",253,268,16,0.657870163690476,"PNFITINDDLSVHVEA",2.1875,"EQNPQHFIEDLEKVRVE","CAB54908.1:2"
"A0A044TU88",133,142,10,0.656008531746032,"QNDIVINEQL",2.7,"VEEILPEDKNEKGQHEIVEVEEILPED","124802897:48"
"A0A044QU24",216,224,9,0.656,"GEEGLDLTK",3.22222222222222,"VKRITPRHLQLAIRGDEELDSLIK","6912616:4"
"A0A044RFT9",270,277,8,0.655703125,"ECYPYVSG",5.125,"AYSNCYPYDVPDYASLR","AAB63711.1:2"
"A0A044V1C1",109,124,16,0.655490327380952,"DDCRYCYESGQKDVCI",6.125,"HELKAIDDCRYCYESGQKDVC","A0A044V1C1:2"
"AAK16514.1",29,44,16,0.654995535714286,"REVLGTFDQDYKRGNM",3.26666666666667,"QVQQLREVLGTFDQD","AAK16514.1:2"
"A0A044QU24",118,129,12,0.654638723544973,"KWDFNEWKTDTL",4.08333333333333,"VPQYLRWFEEWAEDFCRK","AAS89259.1:2"
"A0A044RFT9",317,329,13,0.654531227106227,"SSREKDIMSEILT",2.53846153846154,"SLIGSTTALPNNSGKDVLSDVLQIAS","BAG80737.1:8"
"A0A044TDA1",217,225,9,0.653931476294221,"ANVLIAENE",2.66666666666667,"GKVLLGEEEALEDDS","BAA36753.1:4"
"AAF64254.1",263,275,13,0.653355463980464,"APINPRIDLTSDH",2.69230769230769,"TTPPMIDLTSHHRPL","CAA35319.1:4"
"A0A044SS43",731,740,10,0.653137572150072,"GKDMANIINA",2.6,"WSFAVGKQLNMAQII","YP_177769.1:11"
"A0A044RFT9",281,289,9,0.652561507936508,"NPEICQIQK",3.55555555555556,"FPDVCKIGKKIALCYEQIKKYIVCSKNSQG","1371546548:2"
"A0A044RF80",947,971,25,0.650065346320346,"MIDLTQKNGSAEMKKQIDMQFPMDA",1.92,"GAMIKSQRQQPRGGQAKKKKPEKPHFPLAAEDDIRHH","CAA63495.1:2"
"A0A044QWA5",382,410,29,0.650015667761357,"RLNNVIENDLLFSSGECVPTSPTSYLNSP",1.89285714285714,"GRKIRMRCRAIDGDVTFCRPKSPVYVGN","1007216A:4"
"A0A044UVG8",400,440,41,0.649491289198606,"KVRPEDIDLPPCVPPPPSTQPPLQVSDGPTLSGEVEKKATL",1.58536585365854,"EFKVRTNEQTNLPEPVPERANEPEEPPKIWAPPTREELEELLRASPEL","NP_043514.1:2"
"A0A044SS43",334,348,15,0.648419576719577,"ALLDIYQDESAVKKK",2.4,"PMSTLEKELLETYEETFGDKKHIMLKSGINTNQYDKSIDESST","XP_001349745.1:4"
"AAD00842.1",315,329,15,0.648419576719577,"ALLDIYQDESAVKKK",2.4,"PMSTLEKELLETYEETFGDKKHIMLKSGINTNQYDKSIDESST","XP_001349745.1:4"
"AAF64251.1",165,197,33,0.646657631509904,"AQRYLQTVDKDHNGLLSLKEAQEYILKEYGIGN",1.6969696969697,"AENIRYGRENVTMDEIEKAVKEANAYDFIMKLPHKFDTLVGERGA","AAA37004.1:4"
"A0A044V9G2",363,374,12,0.645827164733415,"NPNGDIREVHHS",2.75,"GDLRAVHHRPVPA","CAA28880.1:11"
"A0A044SS43",1170,1184,15,0.644813492063492,"ATPVQQYDPSYRNIV",3.2,"LSDDVEGARAAAAQQLSFYETIPSYRNVIAREGLSNAVE","NP_960102.1:2"
"AAF64251.1",31,41,11,0.644353174603175,"TSVPLPQQQQL",2.90909090909091,"EQVPLVQQQQFPGQQQQFPPQQ","P04727.1:2"
"A0A044RFT9",90,132,43,0.642163399072428,"HDGILYSEEDTITKNCNKCTCIENQWKCDDTPCLISEDLLAEI",2.17948717948718,"ITYNVNDTFHKRHEEGHMLNCTCFGQGRGRWKCDPVDQC","P02751:26"
"A0A044TU88",271,287,17,0.641046218487395,"TSPQFVEAHNVQTNDQL",2.11764705882353,"QRTCSHTNPKFLSQHFPENSHNIQTAGKQDITPITDATY","AAA65311.1:4"
"A0A044R521",59,81,23,0.64058566252588,"VKGLYDRDECRSDSGGRQVAGIE",6.33333333333333,"GLYDRDECR","A0A044R521:2"
"A0A044R521",183,195,13,0.63909188034188,"HKWTCDSETTDIF",3.15384615384615,"SLLTEVETPIRKGWECNCSDSSD","ACI22258.1:2"
"AAB50925.1",167,180,14,0.638213577097506,"KDYLKARENDANKP",2.28571428571429,"VVQQQGRSCDPQRLSACRDYLQRRREQPSERCCEELQRMSPH","A0A0K3AVY3.1:6"
"A0A044QWA5",228,242,15,0.637462433862434,"DRTAVTIDKDAKNIL",2.2,"KKVIAVSKDVKPIYLNGEEGNKDK","ZP_05686172.1:4"
"AAF64251.1",206,217,12,0.637116236772487,"LVLPNLNEEMDA",4,"RLVLPNLN","AAF64251.1:5"
"A0A044V9G2",531,545,15,0.637064285714286,"SGRRINKDGNPTDFK",4.54545454545455,"INKDGNPTDFK","A0A044V9G2:15"
"A0A044SS43",1132,1158,27,0.63635501175779,"SNVTSCVPPSCFPSTSADPSALNPSSV",4.8,"CAPGSCFPGV","NP_001075325.1:4"
"A0A044RFT9",57,74,18,0.635501322751323,"DMFCDRGEHGNDCCPDFK",2.83333333333333,"CKTCTTPAQGNSMFPSCCCTKPTDGNCTCIPIPSSWAFAKYLWEWAS","122086166:2"
"A0A044RFT9",197,214,18,0.635338955026455,"HPIQDQGDCASSWAQSTV",5.55555555555556,"HPIQDQGDC","A0A044RFT9:7"
"A0A044R521",262,289,28,0.631406282209854,"TIKEPFGECPRPQCPEPQGFGAIKSAAA",1.89285714285714,"PWHLGKLEIDFGECPGTTVTIQEDCDHRGPSLRTTTASGKLVTQWC","Q58HT7.1:4"
"A0A044SAZ1",93,101,9,0.629458994708995,"ETYKQLANQ",3.22222222222222,"LYRQLAHQSNSTN","P01009:2"
"A0A044QU24",50,66,17,0.629336802902979,"LYYKLSQDANKMQGKAN",2.52941176470588,"DFLDVIYYKLNIKEINKSLTEVKNELTELQKNQEEAKNILAFK","XP_001350432.1:2"
"A0A044RF80",1202,1218,17,0.629113562091503,"IHWSMKVGQEKPKDTQH",2.52941176470588,"DWLEDTLSEGIRQWWKLKPGPPPPKPAE","AAC03780.1:2"
"A0A044V9G2",458,469,12,0.627064852971103,"RSYADWDEGRGF",3.83333333333333,"PKGKCLGSQDYLELANRFPQQAWEEARQFFLKKEKK","Q9BY12.2:2"
"A0A044RF80",921,943,23,0.627010610766046,"AKAGDAVEQVLKVEPEGYRVDRN",2.21739130434783,"RQQAQVEQVLKTEEEQFARTLERGLALLDEELAKLS","P00957.2:2"
"A0A044V1C1",367,378,12,0.626443948412698,"GAEYQRQDVTST",2.41666666666667,"VYRRYGEEYGNLTRPDITFT","NP_620594.1:13"
"A0A044RF80",231,242,12,0.626164847883598,"KFEKEFTVDKYV",3.25,"FSFSKKYTLINYIIT","258597211:2"
"A0A044QWA5",64,94,31,0.626059000139645,"MTVCELLDNYNPTVRPSGKMPNSDQKGPVIV",1.58064516129032,"SLNACSHGDHYPPKTVEEEVPPSLLEEHPVVSSTDIRG","NP_225156.1:27"
"A0A044SAZ1",366,375,10,0.62579126984127,"NISTELTSEQ",2.5,"ALTTELTAENQEAAGLIMTAEP","AAA16482.1:7"
"A0A044RFT9",355,362,8,0.623037946428571,"PTTGETAE",2.625,"VPESGEDGEDARQ","ABE69193.1:4"
"A0A044RF80",574,582,9,0.621029974382916,"NQEILVDAT",2.88888888888889,"ALLLNQELLLNPTHQIYPVTQPLAPVHNPISV","P05814.4:2"
"A0A044RF80",1033,1043,11,0.620671536796537,"ENKAKKYMESG",2.72727272727273,"GINNQNTRVYQSQDKQYKEAG","A0A044UK00:7"
"A0A044QWA5",125,133,9,0.619962742504409,"DDRLRYTDH",3.44444444444444,"DLESSVDDPRSEEDKRFESHIECRKPYKELRLEVGKQRLKYAQEELSNE","P08617.1:10"
"A0A044QU24",26,38,13,0.617825549450549,"CKFASNVTDVEEL",3.15384615384615,"CKYGESPVTNVRGDLQVLAQKAARTLPTSFNYGAI","ABA46668.1:2"
"A0A044RF80",608,623,16,0.617547958437761,"SVKYTIKADPESYCAL",2.625,"MDMCSAGWLADRSVRYPISKARPNCGGNLL","AAA62824.1:8"
"A0A044RF80",1056,1068,13,0.615616758241758,"SFSAFGQGDKHGS",2.84615384615385,"AIGYLNTGYQRQLNYKHYDGSYSTFGERYGRNQGNTWLTA","P01023:20"
"A0A044V1C1",167,175,9,0.615273308481642,"SSMPCNIDF",3.88888888888889,"CVSIPCRFDFPDELRPAVVHGVWYFNSPYPKNY","NP_542167.1:4"
"A0A044RFT9",166,181,16,0.614512648809524,"EQSVQNMNEIVVKPRE",2.125,"EKSLTSLSEVVLQNRRGLD","CAA25008.1:14"
"Q9NJD8.1",87,114,28,0.614470218769326,"EFVNRISSNQDILSQIGISSGISDYDFT",1.96428571428571,"LVGLIGVKGSSIAADQLPNVGITQGIVEFYTDT","1616229A:2"
"A0A044RF80",767,783,17,0.613142857142857,"AAFTAEGTGEATFEAVV",2.47058823529412,"YTTEGGTKSEFEDVIPEG","P14946.2:13"
"A0A044SS43",1256,1275,20,0.611747718253968,"TATTTSSPTTDSETLGNVLA",1.6,"SLIGSTTALPNNSGKDVLSDVLQIAS","BAG80737.1:8"
"A0A044V9G2",329,361,33,0.611508357383357,"RYHDDGRLITNGSLSNGRYGSSLSDSLRRGELR",3.8,"EKDGRYHDDGRLITN","A0A044V9G2:7"
"A0A044RFT9",221,233,13,0.611500610500611,"LALITDGRQNVEL",2.69230769230769,"AGRTTAGLVGLLTPGAKQNIQL","AAA45534.1:3"
"A0A044UVG8",1250,1258,9,0.608238095238095,"VDVTERAEK",2.66666666666667,"ELQQRALGMQIEQDRLEAEQRAEKEKTTDPDVP","AAC48290.1:26"
"A0A044TDA1",115,124,10,0.607628571428571,"VDEAAERTLG",3,"CVAYIGISFLDQASQRGLGEAQLGNSSGNF","YP_177770.1:12"
"A0A044V9S3",315,341,27,0.606079952968842,"RITHNCEDGALSENCIITDDFPIPTNK",2,"TITDAVDCSQNPLAELKCSVKSFEIDKGIYQTSNFRVVPSGD","NP_828851.1:14"
"A0A044V1C1",222,229,8,0.605719246031746,"LNTRVGEQ",3.125,"LDYENWTKLNARLGQRV","AAW78351.1:20"
"AAK16514.1",133,147,15,0.605709788359788,"GLISYTNGLNHLADL",2.66666666666667,"TLGCEEGLRHAITYSAGIVQLPRMSDQNQKIE","Q1HVG4.2:16"
"A0A044SS43",1227,1244,18,0.605693113781929,"PSAGPVSQGWSPYPPSNS",5.75,"PVSQGWSP","A0A044SS43:30"
"A0A044V9G2",27,36,10,0.604511507936508,"YKLVDSEIVK",3.4,"NEIKELNNTLNKYKEEMNNYKEEIIVINEKYKLLEIELCK","XP_001351128.1:2"
"AAB50925.1",247,256,10,0.604511507936508,"YKLVDSEIVK",3.4,"NEIKELNNTLNKYKEEMNNYKEEIIVINEKYKLLEIELCK","XP_001351128.1:2"
"AAF64254.1",127,155,29,0.603447896452207,"IPLPECFEDHLSDCIMHGERYDPTLEKLP",2,"GVPQLRQFYNSDLSRCMHEALYTGLAQAL","ANI26405.1:6"
"AAB50925.1",442,453,12,0.60254546957672,"VARTDRWDEATS",3,"LAVGVGVYVRRAVARRRRVRTGRWAGEPARRG","NP_851904:14"
"A0A044RFT9",364,378,15,0.602109920634921,"YHSVRLLGWGEDYST",3.33333333333333,"PQIYRWIREWGRDYVS","AAA63423.1:12"
"A0A044V9S3",297,311,15,0.601056613756614,"YFIIYGEECEVGGIE",2.93333333333333,"YDSCSRLLQIIDFYTDIVQKKYGGGEDCECTRV","Q08358.3:4"
"AAF64254.1",92,106,15,0.596859259259259,"DGTVAFTDGIDQACA",3.2,"AASGDGTITFTGKVIDAPCG","YP_002151941.1:2"
"A0A044RF80",1383,1392,10,0.595238241436926,"SRSNMAVAEV",2.6,"KTERARKAMAVEDIISRVRGGSSGWSGGLAQNRSTITYRSWGRS","P07357:16"
"A0A044SS43",576,583,8,0.594400049603175,"DWFCPNCQ",5.625,"PVGGQSSFYSDWYSPACGKA","CAA44268.1:3"
"A0A044V9G2",100,112,13,0.59342963980464,"VNGGGAKDGLLKV",2.46153846153846,"ISGGNDKQGFPMKQ","AAA60288.1:4"
"AAB50925.1",320,332,13,0.59342963980464,"VNGGGAKDGLLKV",2.46153846153846,"ISGGNDKQGFPMKQ","AAA60288.1:4"
"A0A044R521",24,36,13,0.592961385836386,"IPIDNGVEGEPEI",2.84615384615385,"TKEAFATPVTGGVDGIPHIAFTDYEGASVVLRNPDGETNKKGLA","AAA24034.1:2"
"A0A044RF80",402,409,8,0.590759672619047,"DDTPVKAT",2.75,"DDTPIVRGSALQALN","EDJ92442.1:4"
"A0A2K6VRB1",59,66,8,0.589985367063492,"QSEVDFCK",4.25,"GRKIRMRCRAIDGDVTFCRPKSPVYVGN","1007216A:4"
"A0A044V9G2",42,50,9,0.589736331569665,"VPVIVKEQI",3.22222222222222,"NASVQNKVPIIVKRAAIRAS","BAA84008.1:6"
"AAB50925.1",262,270,9,0.589736331569665,"VPVIVKEQI",3.22222222222222,"NASVQNKVPIIVKRAAIRAS","BAA84008.1:6"
"AAF64254.1",277,287,11,0.588997835497836,"YNDSVVLPRAK",3.18181818181818,"VDKGHNYCGYPENLLIPKGKKGGQAY","Q25641.1:6"
"AAB50925.1",153,163,11,0.587567821067821,"ESLDRHRDMEA",3.27272727272727,"KINLFHKWLDRHRDM","1371546343:2"
"A0A044QU24",76,85,10,0.586881547619048,"AAGETLDAEI",2.4,"EVAKAEVLNAEVK","ACM88500.1:6"
"A0A044RF80",1353,1361,9,0.58680114638448,"LPFYCTKEV",4.44444444444444,"LVNDPYYCHEQIPIPPALPDILK","AIK66520.1:2"
"A0A044SS43",602,615,14,0.583780328798186,"VKRKAAEDKKKEAA",2.64285714285714,"KGLDAAKTAIKKAKAAAEEAKKEAAI","CAI23658.1:2"
"A0A044RF80",97,104,8,0.583630456349206,"IPQTITID",3.375,"KIPKTITVST","P03120.1:4"
"A0A044R521",85,92,8,0.580930059523809,"DSCNVERS",3.375,"KCLQSCNSERDSYRNQ","74271743:2"
"A0A044RF80",1118,1133,16,0.580753021947415,"HHKAMQGGAAEGGVPL",1.9375,"LEGGSRGAPGGGFVPNLQ","AAA45723.1:5"
"A0A044V1C1",404,411,8,0.580411706349206,"PNPISSIS",3.375,"IDPSPISSIRNLNIY","258597531:2"
"A0A044V1C1",203,212,10,0.580085515873016,"TIEVPYEERK",3.4,"KVRAYTYGVVEMPSNYEQKDRKKRD","ACD86465.1:2"
"A0A044V1C1",46,55,10,0.576828373015873,"KEALASLEMA",2.6,"RYYVIDFTLKEIQSLEMTENFETKDGKQAQVY","WP_005661229.1:4"
"AAF64254.1",70,83,14,0.574971977427335,"PAHRIPQLDEHPLY",2.78571428571429,"ESVYFFKRGGSIQQYIYKQEPVQKCPGRRPALNYPVYG","Q92954:14"
"A0A044V1C1",395,402,8,0.573041170634921,"KVLSQMGP",3.625,"LHQPPPQIFLKILPQSGPIG","ABL09134.1:12"
"AAK16514.1",242,249,8,0.568688244047619,"DCTWTLGN",4.875,"LCNLDGVKPLILRDCSVAGWLLGNPMCDEFINVPE","AEH42694.1:2"
"A0A044RFT9",35,48,14,0.561299384147598,"TCCPSRDDQCTMPI",3.78571428571429,"STGPCRTCMTTAQGTSMYPSCCCTKPSDGNCTCIPIPSS","ABF71024.1:4"
"A0A044V9G2",1,4,4,0.558078869047619,"MINS",3.75,"ISGESNLSVHMIDSN","124806828:2"
"A0A044V9G2",134,144,11,0.557458202151384,"AHIESEKQHWP",3.45454545454545,"AHLDETVWERPHEFWPDRFLE","P08686.1:4"
"AAB50925.1",354,364,11,0.557458202151384,"AHIESEKQHWP",3.45454545454545,"AHLDETVWERPHEFWPDRFLE","P08686.1:4"
